Annual Return,Sector,Year,Portfolio
-0.15044471391996306,Financials,2015,Top
0.23667625195299147,Financials,2016,Top
0.32329224300930526,Financials,2017,Top
-0.13377912090911293,Financials,2018,Top
